set identity_insert [UserType] on
insert into [UserType] ([Id], [Position]) 
	VALUES	(1, 'Clerk'), 
			(2, 'Department Manager'), 
			(3, 'Department Director'), 
			(4, 'Vice President'), 
			(5, 'Materials Manager');
set identity_insert [UserType] off

set identity_insert [Department] on
insert into [Department] ([Id], [Name]) 
	VALUES	(1, 'Administrative Services'), 
			(2, 'Anesthetics'), 
			(3, 'Billing'), 
			(4, 'Cardiology'), 
			(5, 'Dermatology'), 
			(6, 'Ear, Nose, and Throat (ENT)'), 
			(7, 'Emergency Department (ED)'),
			(8, 'Environmental Services'),
			(9, 'Gastroenterology'), 
			(10, 'Hematology'),
			(11, 'Human Resources (HR)'),
			(12, 'Imaging and Radiology'),
			(13, 'Information Technology (IT)'),
			(14, 'Intensive Care Unit (ICU)'),
			(15, 'Materials Management'),
			(16, 'Neonatal'),
			(17, 'Neurology'),
			(18, 'Nutrition and Dietics'),
			(19, 'Oncology'),
			(20, 'Orthopedics'),
			(21, 'Pharmacy'),
			(22, 'Physiotherapy'),
			(23, 'Records and Reception'),
			(24, 'Surgery');
set identity_insert [Department] off

set identity_insert [UserProfile] on
insert into UserProfile (Id, FirebaseUserId, Department, FirstName, LastName, DisplayName, Email, DateRegistered, DateDeactivated, DateLastActivated, UserTypeId, IsActive) values (1, 'sA973R6eHEVyPRdSG3viryFNsyk1', 'Environmental Services', 'Dwight', 'Shrute', 'DShrute', 'clerk@gmail.com', '7/2/2020', '01/01/1901', '01/01/1901', 1, 1);
insert into UserProfile (Id, FirebaseUserId, Department, FirstName, LastName, DisplayName, Email, DateRegistered, DateDeactivated, DateLastActivated, UserTypeId, IsActive) values (2, 'ewzN74kLG1bF1p4tXqFanFam4Qb2', 'Administrative Services', 'Ryan', 'Howard', 'RHoward', 'manager@gmail.com', '2/4/2020', '01/01/1901', '01/01/1901', 2, 1);
insert into UserProfile (Id, FirebaseUserId, Department, FirstName, LastName, DisplayName, Email, DateRegistered, DateDeactivated, DateLastActivated, UserTypeId, IsActive) values (3, 'b7HwoI7LffhQtYlvjNPIOEPeJTk2', 'Neonatal', 'Darryl', 'Philbin', 'DPhilbin', 'director@gmail.com', '2/11/2019', '01/01/1901', '01/01/1901', 3, 1);
insert into UserProfile (Id, FirebaseUserId, Department, FirstName, LastName, DisplayName, Email, DateRegistered, DateDeactivated, DateLastActivated, UserTypeId, IsActive) values (4, 'To61Sn28OATLEDWb9LtEC9qaPfQ2', 'Hematology', 'Kelly', 'Kapoor', 'KKapoor', 'vicepresident@gmail.com', '1/14/2019', '01/01/1901', '01/01/1901', 4, 0);
insert into UserProfile (Id, FirebaseUserId, Department, FirstName, LastName, DisplayName, Email, DateRegistered, DateDeactivated, DateLastActivated, UserTypeId, IsActive) values (5, 'YPIAsJKnNXOxseFUrl3oqoZnjYM2', 'Materials Management', 'Creed', 'Bratton', 'CBratton', 'materialsmanager@gmail.com', '3/24/1999', '01/01/1901', '01/01/1901', 5, 0);
set identity_insert [UserProfile] off

set identity_insert [Item] on
insert into Item (Id, UserProfileId, ItemPicture, DepartmentId, VendorName, ItemName, ItemSKU, UnitPrice, TotalPrice, Quantity, DateReceived, IsActive) values (1,1,'https://res.cloudinary.com/dstfvbrwf/image/upload/v1612906044/ToolMeOnce/qcr8iyezvaocm9z8yj6o.gif',9,'Henry Schein','Zostavax Shingles Adult SDV .65mL 10/Pk','5582895 ',36.9,738,20,'10/12/2020',1 );				
insert into Item (Id, UserProfileId, ItemPicture, DepartmentId, VendorName, ItemName, ItemSKU, UnitPrice, TotalPrice, Quantity, DateReceived, IsActive) values (2,1,'https://res.cloudinary.com/dstfvbrwf/image/upload/v1612906044/ToolMeOnce/qcr8iyezvaocm9z8yj6o.gif',4,'Henry Schein','Cap Bouffant PremierPro 24 in Blue 100/Bx, 5 BX/CA','1339288 ',36.96,110.88,3,'3/4/2020',1);
insert into Item (Id, UserProfileId, ItemPicture, DepartmentId, VendorName, ItemName, ItemSKU, UnitPrice, TotalPrice, Quantity, DateReceived, IsActive) values (3,1,'https://res.cloudinary.com/dstfvbrwf/image/upload/v1612906044/ToolMeOnce/qcr8iyezvaocm9z8yj6o.gif',7,'Henry Schein','Gown Isolation Economy Disposable PP Universal Yellow 50/Ca','8401507 ',60.55,484.4,8,'5/22/2020',1);				
insert into Item (Id, UserProfileId, ItemPicture, DepartmentId, VendorName, ItemName, ItemSKU, UnitPrice, TotalPrice, Quantity, DateReceived, IsActive) values (4,1,'https://res.cloudinary.com/dstfvbrwf/image/upload/v1612906044/ToolMeOnce/qcr8iyezvaocm9z8yj6o.gif',4,'Grainger','Claire Aerosol Disinfectant Foam Unscented, 20oz','53DH40',6.14,153.5,25,'1/11/2021',1);  
insert into Item (Id, UserProfileId, ItemPicture, DepartmentId, VendorName, ItemName, ItemSKU, UnitPrice, TotalPrice, Quantity, DateReceived, IsActive) values (5,1,'https://res.cloudinary.com/dstfvbrwf/image/upload/v1612906044/ToolMeOnce/qcr8iyezvaocm9z8yj6o.gif',5,'Grainger','Purell Alcohol Disinfectant Jug, 1gal, pkg. 4','49Z653',70.38,1407.6,20,'12/7/2020',1); 
insert into Item (Id, UserProfileId, ItemPicture, DepartmentId, VendorName, ItemName, ItemSKU, UnitPrice, TotalPrice, Quantity, DateReceived, IsActive) values (6,1,'https://res.cloudinary.com/dstfvbrwf/image/upload/v1612906044/ToolMeOnce/qcr8iyezvaocm9z8yj6o.gif',6,'Grainger','Rubbermaid Commercial Products Enriched Foam 1,100ml Sanitizer Dispenser','15A701',65,520,8,'10/25/2020',1);
insert into Item (Id, UserProfileId, ItemPicture, DepartmentId, VendorName, ItemName, ItemSKU, UnitPrice, TotalPrice, Quantity, DateReceived, IsActive) values (7,1,'https://res.cloudinary.com/dstfvbrwf/image/upload/v1612906044/ToolMeOnce/qcr8iyezvaocm9z8yj6o.gif',7,'Grainger','Portasafe 35gal Blue Trash Bags, pkg. 225','40WY60',130,260,2,'10/4/2020',1);
insert into Item (Id, UserProfileId, ItemPicture, DepartmentId, VendorName, ItemName, ItemSKU, UnitPrice, TotalPrice, Quantity, DateReceived, IsActive) values (8,1,'https://res.cloudinary.com/dstfvbrwf/image/upload/v1612906044/ToolMeOnce/qcr8iyezvaocm9z8yj6o.gif',11,'CDW','HP Workstation Z2 G5 - SFF - Core i5 10500 3.1 GHz - vPro - 8 GB - SSD 256','6339383',998.99,5993.94,6,'10/10/2020',1);
insert into Item (Id, UserProfileId, ItemPicture, DepartmentId, VendorName, ItemName, ItemSKU, UnitPrice, TotalPrice, Quantity, DateReceived, IsActive) values (9,1,'https://res.cloudinary.com/dstfvbrwf/image/upload/v1612906044/ToolMeOnce/qcr8iyezvaocm9z8yj6o.gif',10,'CDW','Zebra XPAD L10 10.1" Qualcomm 660 4GB RAM 64GB eMMC Android','5679609',2299,9196,4,'7/28/2020',1);
insert into Item (Id, UserProfileId, ItemPicture, DepartmentId, VendorName, ItemName, ItemSKU, UnitPrice, TotalPrice, Quantity, DateReceived, IsActive) values (10,1,'https://res.cloudinary.com/dstfvbrwf/image/upload/v1612906044/ToolMeOnce/qcr8iyezvaocm9z8yj6o.gif',11,'CDW','Dell P2419H - LED monitor - Full HD (1080p) - 24"','5850945',225.99,2711.88,12,'11/23/2020',1);
insert into Item (Id, UserProfileId, ItemPicture, DepartmentId, VendorName, ItemName, ItemSKU, UnitPrice, TotalPrice, Quantity, DateReceived, IsActive) values (11,1,'https://res.cloudinary.com/dstfvbrwf/image/upload/v1612906044/ToolMeOnce/qcr8iyezvaocm9z8yj6o.gif',12,'CDW','Avaya 1416 Digital Deskphone - digital phone','3379390',241.99,1451.94,6,'11/26/2020',1);
insert into Item (Id, UserProfileId, ItemPicture, DepartmentId, VendorName, ItemName, ItemSKU, UnitPrice, TotalPrice, Quantity, DateReceived, IsActive) values (12,1,'https://res.cloudinary.com/dstfvbrwf/image/upload/v1612906044/ToolMeOnce/qcr8iyezvaocm9z8yj6o.gif',13,'Staples','Post-it Super Sticky Notes, 4" x 4" Canary, 90 Sheets/Pad, 12 Pads/Pack','675-12',19.79,39.58,2,'6/30/2020',1);
insert into Item (Id, UserProfileId, ItemPicture, DepartmentId, VendorName, ItemName, ItemSKU, UnitPrice, TotalPrice, Quantity, DateReceived, IsActive) values (13,1,'https://res.cloudinary.com/dstfvbrwf/image/upload/v1612906044/ToolMeOnce/qcr8iyezvaocm9z8yj6o.gif',15,'Staples','Staples Copy Paper, 11" x 17", 20 lbs., White, 500 Sheets/Ream, 5 Reams/Carton','512215',50.99,152.97,3,'5/23/2020',1);
insert into Item (Id, UserProfileId, ItemPicture, DepartmentId, VendorName, ItemName, ItemSKU, UnitPrice, TotalPrice, Quantity, DateReceived, IsActive) values (14,1,'https://res.cloudinary.com/dstfvbrwf/image/upload/v1612906044/ToolMeOnce/qcr8iyezvaocm9z8yj6o.gif',16,'Staples','Nestle Pure Life Purified Water, 16.9 Fl oz. Plastic Bottled Water, 24/Carton','110109',7.99,79.9,10,'3/28/2020',1);
insert into Item (Id, UserProfileId, ItemPicture, DepartmentId, VendorName, ItemName, ItemSKU, UnitPrice, TotalPrice, Quantity, DateReceived, IsActive) values (15,1,'https://res.cloudinary.com/dstfvbrwf/image/upload/v1612906044/ToolMeOnce/qcr8iyezvaocm9z8yj6o.gif',17,'Staples','Viribright 60W Equivalent Daylight White 6500K, A19 LED Light Bulb','750337',40.99,204.95,5,'6/13/2020',1);
insert into Item (Id, UserProfileId, ItemPicture, DepartmentId, VendorName, ItemName, ItemSKU, UnitPrice, TotalPrice, Quantity, DateReceived, IsActive) values (16,1,'https://res.cloudinary.com/dstfvbrwf/image/upload/v1612906044/ToolMeOnce/qcr8iyezvaocm9z8yj6o.gif',18,'Staples','Brother P-Touch PTD210 Desktop Label Maker','PTD210',34.99,104.97,3,'2/28/2020',1);
insert into Item (Id, UserProfileId, ItemPicture, DepartmentId, VendorName, ItemName, ItemSKU, UnitPrice, TotalPrice, Quantity, DateReceived, IsActive) values (17,1,'https://res.cloudinary.com/dstfvbrwf/image/upload/v1612906044/ToolMeOnce/qcr8iyezvaocm9z8yj6o.gif',19,'Henry Schein','FluidShield Tie On Mask Anti-Fog ASTM Level 3 Orange 50/Bx','8404577RBB',48.95,587.4,12,'6/8/2020',1);
insert into Item (Id, UserProfileId, ItemPicture, DepartmentId, VendorName, ItemName, ItemSKU, UnitPrice, TotalPrice, Quantity, DateReceived, IsActive) values (18,1,'https://res.cloudinary.com/dstfvbrwf/image/upload/v1612906044/ToolMeOnce/qcr8iyezvaocm9z8yj6o.gif',20,'Henry Schein','BeeSure Vibe Earloop Mask Anti-Fog ASTM Level 3 White 50/Bx','1384277RBB',39.8,477.6,12,'1/11/2021',1);
insert into Item (Id, UserProfileId, ItemPicture, DepartmentId, VendorName, ItemName, ItemSKU, UnitPrice, TotalPrice, Quantity, DateReceived, IsActive) values (19,1,'https://res.cloudinary.com/dstfvbrwf/image/upload/v1613010655/ToolMeOnce/vvbewkrhpz25lpzn3y3z.jpg',6,'Henry Schein','Applicator Cotton Tip Non Sterile 6 in Wood Shaft 1000/Bx, 10 BX/CA','1149951',210,840,4,'10/4/2020',1);
insert into Item (Id, UserProfileId, ItemPicture, DepartmentId, VendorName, ItemName, ItemSKU, UnitPrice, TotalPrice, Quantity, DateReceived, IsActive) values (20,1,'https://res.cloudinary.com/dstfvbrwf/image/upload/v1613010789/ToolMeOnce/ruhljrs9rzohjnlprmzl.jpg',10,'Henry Schein','Blanket Emergency Non Sterile 40 in x 80 in Grey 10/Case','1136022 ',40,160,4,'5/10/2020',1);
insert into Item (Id, UserProfileId, ItemPicture, DepartmentId, VendorName, ItemName, ItemSKU, UnitPrice, TotalPrice, Quantity, DateReceived, IsActive) values (21,1,'https://res.cloudinary.com/dstfvbrwf/image/upload/v1613010869/ToolMeOnce/tak6oit96bfdvwzuvvl9.jpg',20,'Henry Schein','Brace Orthosis G-Force Boxers Fracture Long Hand White Size Large Right Ea','1124590 ',14,210,15,'4/28/2020',1);
insert into Item (Id, UserProfileId, ItemPicture, DepartmentId, VendorName, ItemName, ItemSKU, UnitPrice, TotalPrice, Quantity, DateReceived, IsActive) values (22,1,'https://res.cloudinary.com/dstfvbrwf/image/upload/v1613010945/ToolMeOnce/zkg912msylsvavoxmzta.jpg',14,'Henry Schein','Disinfectant Surface Biocide Bottle Mild Scent 1 Pint 12/Ca','1339553',49,735,15,'11/23/2020',1);
insert into Item (Id, UserProfileId, ItemPicture, DepartmentId, VendorName, ItemName, ItemSKU, UnitPrice, TotalPrice, Quantity, DateReceived, IsActive) values (23,1,'https://res.cloudinary.com/dstfvbrwf/image/upload/v1613011004/ToolMeOnce/wkxnyskwtdrqfzocht7z.jpg',12,'Henry Schein','Drape C-Arm 41 in x 140 in Clear 10/Ca','1276290',24,120,5,'9/26/2020',1);
insert into Item (Id, UserProfileId, ItemPicture, DepartmentId, VendorName, ItemName, ItemSKU, UnitPrice, TotalPrice, Quantity, DateReceived, IsActive) values (24,1,'https://res.cloudinary.com/dstfvbrwf/image/upload/v1613011062/ToolMeOnce/h6r95rwbvhqhhjz52tq2.jpg',17,'Henry Schein','Gown Exam X-Large 60 in x 29 in Dark Blue 100/Co','1576038',110,550,5,'6/30/2020',1);
insert into Item (Id, UserProfileId, ItemPicture, DepartmentId, VendorName, ItemName, ItemSKU, UnitPrice, TotalPrice, Quantity, DateReceived, IsActive) values (25,1,'https://res.cloudinary.com/dstfvbrwf/image/upload/v1613011127/ToolMeOnce/mnefjobesuxfnpvnkog1.jpg',10,'Henry Schein','Indicator Biological Attest 200/Ca','1217934',46,46,1,'8/23/2020',1);
insert into Item (Id, UserProfileId, ItemPicture, DepartmentId, VendorName, ItemName, ItemSKU, UnitPrice, TotalPrice, Quantity, DateReceived, IsActive) values (26,1,'https://res.cloudinary.com/dstfvbrwf/image/upload/v1613011190/ToolMeOnce/jihnpvqchjgerkldjpn5.jpg',4,'Henry Schein','Kit Insertion Cardiac 5/Case','5701425',275,1100,4,'3/28/2020',1);
insert into Item (Id, UserProfileId, ItemPicture, DepartmentId, VendorName, ItemName, ItemSKU, UnitPrice, TotalPrice, Quantity, DateReceived, IsActive) values (27,1,'https://res.cloudinary.com/dstfvbrwf/image/upload/v1613011300/ToolMeOnce/sdnusglq0yg3uledeb3r.jpg',24,'Henry Schein','Kit Laceration With Gauze/Needle/Wrap 17x19" Ea, 20 EA/CA','6020192',131,393,3,'6/13/2020',1);
insert into Item (Id, UserProfileId, ItemPicture, DepartmentId, VendorName, ItemName, ItemSKU, UnitPrice, TotalPrice, Quantity, DateReceived, IsActive) values (28,1,'https://res.cloudinary.com/dstfvbrwf/image/upload/v1613011364/ToolMeOnce/kbl9inok3akzrs3fosri.jpg',16,'Henry Schein','Needle 30gx1" Conventional 100/Bx, 100 BX/CA','1126149',34,68,2,'2/6/2021',1);
insert into Item (Id, UserProfileId, ItemPicture, DepartmentId, VendorName, ItemName, ItemSKU, UnitPrice, TotalPrice, Quantity, DateReceived, IsActive) values (29,1,'https://res.cloudinary.com/dstfvbrwf/image/upload/v1613011476/ToolMeOnce/xklpbc888ikqacfjj6io.jpg',5,'Henry Schein','Pillowcase 21 in x 27 in PVC Ea','6357676',27,1080,40,'10/4/2020',1);
insert into Item (Id, UserProfileId, ItemPicture, DepartmentId, VendorName, ItemName, ItemSKU, UnitPrice, TotalPrice, Quantity, DateReceived, IsActive) values (30,1,'https://res.cloudinary.com/dstfvbrwf/image/upload/v1613012035/ToolMeOnce/uhvizuxbulcvghnjah9t.jpg',16,'Henry Schein','Prevnar13 Pneumococcal Injectable PFS Ea','1197939',4,80,20,'10/10/2020',1);
insert into Item (Id, UserProfileId, ItemPicture, DepartmentId, VendorName, ItemName, ItemSKU, UnitPrice, TotalPrice, Quantity, DateReceived, IsActive) values (31,1,'https://res.cloudinary.com/dstfvbrwf/image/upload/v1613013680/ToolMeOnce/n6aqzajws7ctvhlb9fpr.jpg',2,'Henry Schein','Needle 30gx1" Conventional 100/Bx, 100 BX/CA','1126149 ',34,136,4,'2/10/2021', 1);
insert into Item (Id, UserProfileId, ItemPicture, DepartmentId, VendorName, ItemName, ItemSKU, UnitPrice, TotalPrice, Quantity, DateReceived, IsActive) values (32,1,'https://res.cloudinary.com/dstfvbrwf/image/upload/v1613012205/ToolMeOnce/fsac9x3umwyeltsafv6n.jpg',20,'Henry Schein','Splint Support Wrist/Forearm White/Gray Size 8" Universal Ea','3720678',24,360,15,'11/23/2020',1);
insert into Item (Id, UserProfileId, ItemPicture, DepartmentId, VendorName, ItemName, ItemSKU, UnitPrice, TotalPrice, Quantity, DateReceived, IsActive) values (33,1,'https://res.cloudinary.com/dstfvbrwf/image/upload/v1613012258/ToolMeOnce/qeaphnohewf1p3oftlqv.jpg',22,'Henry Schein','Table Paper Exam Crepe 18 in x 125 Feet White 12/Ca','3950890',8,96,12,'11/26/2020',1);
insert into Item (Id, UserProfileId, ItemPicture, DepartmentId, VendorName, ItemName, ItemSKU, UnitPrice, TotalPrice, Quantity, DateReceived, IsActive) values (34,1,'https://res.cloudinary.com/dstfvbrwf/image/upload/v1613012334/ToolMeOnce/borzftxyr5ajxwjqqp5t.jpg',21,'Henry Schein','Tenivac Tetanus Toxoid/ Diphtheria Adolescent/Adult Injectable PFS 10/Pk','5460017',43,1290,30,'6/30/2020',1);
insert into Item (Id, UserProfileId, ItemPicture, DepartmentId, VendorName, ItemName, ItemSKU, UnitPrice, TotalPrice, Quantity, DateReceived, IsActive) values (35,1,'https://res.cloudinary.com/dstfvbrwf/image/upload/v1613012388/ToolMeOnce/gbqmrnxzdvz0uq1agkor.jpg',6,'Henry Schein','Towel Hand Kleenex SCOTTFOLD Single Fold White 7.8 in x 12.4 in 3000/Ca','6430088',85,170,2,'5/23/2020',1);
insert into Item (Id, UserProfileId, ItemPicture, DepartmentId, VendorName, ItemName, ItemSKU, UnitPrice, TotalPrice, Quantity, DateReceived, IsActive) values (36,1,'https://res.cloudinary.com/dstfvbrwf/image/upload/v1613012471/ToolMeOnce/ii55uigl9rb66kjshttb.jpg',24,'Henry Schein','Tray Biopsy Bone Marrow Safe-T-Plus 11gx4" W/ Lido/Gz/Ndl Rtntn 10/Ca','1182628',349,698,2,'3/28/2020',1);
insert into Item (Id, UserProfileId, ItemPicture, DepartmentId, VendorName, ItemName, ItemSKU, UnitPrice, TotalPrice, Quantity, DateReceived, IsActive) values (37,1,'https://res.cloudinary.com/dstfvbrwf/image/upload/v1613012532/ToolMeOnce/wkiqvcwjhzpslhp4dbms.jpg',7,'Henry Schein','Tray Chest Tube Insert Latex Sterile 12/Ca','1376090',224,672,3,'6/13/2020',1);
insert into Item (Id, UserProfileId, ItemPicture, DepartmentId, VendorName, ItemName, ItemSKU, UnitPrice, TotalPrice, Quantity, DateReceived, IsActive) values (38,1,'https://res.cloudinary.com/dstfvbrwf/image/upload/v1613012826/ToolMeOnce/bdhbvrhxiygvarijrtxx.jpg',9,'Henry Schein','Tray Drainage Thoracentesis With Lidocaine Catheter LF 10Ca','1145135',188,752,4,'2/2/2021',1);
insert into Item (Id, UserProfileId, ItemPicture, DepartmentId, VendorName, ItemName, ItemSKU, UnitPrice, TotalPrice, Quantity, DateReceived, IsActive) values (39,1,'https://res.cloudinary.com/dstfvbrwf/image/upload/v1613012911/ToolMeOnce/b70slxglbaqjcpdryitb.jpg',14,'Henry Schein','Tray Lumbar Puncture With Lido Ndl Whtcr Spnl 22gx3.5 LF 10Ca','2881295',480,1920,4,'10/4/2020',1);
insert into Item (Id, UserProfileId, ItemPicture, DepartmentId, VendorName, ItemName, ItemSKU, UnitPrice, TotalPrice, Quantity, DateReceived, IsActive) values (40,1,'https://res.cloudinary.com/dstfvbrwf/image/upload/v1613013115/ToolMeOnce/yzk8tbo1rcn3vf6eufch.jpg',20,'Henry Schein','Walker Custom Genesis Gray Small Universal','1374700',44,792,18,'10/10/2020',1);
insert into Item (Id, UserProfileId, ItemPicture, DepartmentId, VendorName, ItemName, ItemSKU, UnitPrice, TotalPrice, Quantity, DateReceived, IsActive) values (41,1,'https://res.cloudinary.com/dstfvbrwf/image/upload/v1613013332/ToolMeOnce/eqoomok5xr9wmdhjtkwj.jpg',8,'Grainger','Werth All Purpose Cleaner Liquid Unscented, 55gal','35YL45',1113,2226,2,'4/28/2020',1);
insert into Item (Id, UserProfileId, ItemPicture, DepartmentId, VendorName, ItemName, ItemSKU, UnitPrice, TotalPrice, Quantity, DateReceived, IsActive) values (42,1,'https://res.cloudinary.com/dstfvbrwf/image/upload/v1613013536/ToolMeOnce/nuukxiu94bkcfeijz8ql.jpg',1,'Staples','Zebra Z-Grip Retractable Ballpoint Pen, Medium Point, Black Ink, 24/Pack','12221',8,48,6,'11/23/2020',1);
insert into Item (Id, UserProfileId, ItemPicture, DepartmentId, VendorName, ItemName, ItemSKU, UnitPrice, TotalPrice, Quantity, DateReceived, IsActive) values (43,1,'https://res.cloudinary.com/dstfvbrwf/image/upload/v1613013837/ToolMeOnce/l98bwiduv8rrxbxu5dod.jpg',3,'CDW','HP LaserJet Enterprise M806x+ 55 ppm Laser Printer','3574031',5399,5399,1,'2/10/2021', 1);
insert into Item (Id, UserProfileId, ItemPicture, DepartmentId, VendorName, ItemName, ItemSKU, UnitPrice, TotalPrice, Quantity, DateReceived, IsActive) values (44,1,'https://res.cloudinary.com/dstfvbrwf/image/upload/v1613013837/ToolMeOnce/l98bwiduv8rrxbxu5dod.jpg',23,'CDW','HP LaserJet Enterprise M806x+ 55 ppm Laser Printer','3574031',5399,5399,1,'8/10/2020', 1);
set identity_insert [Item] off
